[ { "name":"استيفن مينا جابر عطا الله", "gradeLevel":"primary 3", "id":31508032200313, "arabic":98.0, "math":99.5, "english":94.5, "social":"_", "scienc":"_", "total":292.0, "eng":75.5, "deen":94.0, "dis":88, "tok":"اجتاز", "pe":"اجتاز", "ict":"_", "scal":"_", "art":"_", "mu":"_" }, { "name":"البراء مختار محمد محمد", "gradeLevel":"primary 3", "id":31603182202279, "arabic":98.0, "math":99.0, "english":94.0, "social":"_", "scienc":"_", "total":291.0, "eng":86.0, "deen":90.0, "dis":96, "tok":"اجتاز", "pe":"اجتاز", "ict":"_", "scal":"_", "art":"_", "mu":"_" }, { "name":"الفارس أحمد محمد رضا", "gradeLevel":"primary 3", "id":31609182203877, "arabic":0.0, "math":0.0, "english":0.0, "social":0, "scienc":0, "total":0.0, "eng":0.0, "deen":0.0, "dis":0, "tok":0, "pe":0, "ict":0, "scal":0, "art":0, "mu":0 }, { "name":"الفاروق محمد فاروق عطية", "gradeLevel":"primary 3", "id":31610292201916, "arabic":100.0, "math":93.5, "english":97.0, "social":"_", "scienc":"_", "total":290.5, "eng":92.0, "deen":98.0, "dis":92, "tok":"اجتاز", "pe":"اجتاز", "ict":"_", "scal":"_", "art":"_", "mu":"_" }, { "name":"انطونيوس باسم سامي ثابت", "gradeLevel":"primary 3", "id":31509092203296, "arabic":98.8, "math":79.0, "english":72.0, "social":"_", "scienc":"_", "total":249.8, "eng":68.0, "deen":96.0, "dis":76, "tok":"اجتاز", "pe":"اجتاز", "ict":"_", "scal":"_", "art":"_", "mu":"_" }, { "name":"إياد أحمد عزات عبدالمجيد", "gradeLevel":"primary 3", "id":31507062203078, "arabic":98.0, "math":100.0, "english":99.0, "social":"_", "scienc":"_", "total":297.0, "eng":97.0, "deen":94.0, "dis":88, "tok":"اجتاز", "pe":"اجتاز", "ict":"_", "scal":"_", "art":"_", "mu":"_" }, { "name":"إياد أحمد محمد برهان", "gradeLevel":"primary 3", "id":31506072200852, "arabic":100.0, "math":82.5, "english":93.0, "social":"_", "scienc":"_", "total":275.5, "eng":72.0, "deen":92.0, "dis":84, "tok":"اجتاز", "pe":"اجتاز", "ict":"_", "scal":"_", "art":"_", "mu":"_" }, { "name":"إياد محمد رفعت عبدالواحد", "gradeLevel":"primary 3", "id":31511282200131, "arabic":96.0, "math":93.0, "english":90.0, "social":"_", "scienc":"_", "total":279.0, "eng":77.0, "deen":84.0, "dis":84, "tok":"اجتاز", "pe":"اجتاز", "ict":"_", "scal":"_", "art":"_", "mu":"_" }, { "name":"إياد مصطفى علي محمد", "gradeLevel":"primary 3", "id":31507112200555, "arabic":100.0, "math":93.0, "english":97.0, "social":"_", "scienc":"_", "total":290.0, "eng":90.0, "deen":94.0, "dis":96, "tok":"اجتاز", "pe":"اجتاز", "ict":"_", "scal":"_", "art":"_", "mu":"_" }, { "name":"إياد هشام محمد أحمد", "gradeLevel":"primary 3", "id":31603052202838, "arabic":96.0, "math":100.0, "english":90.0, "social":"_", "scienc":"_", "total":286.0, "eng":94.0, "deen":83.0, "dis":84, "tok":"اجتاز", "pe":"اجتاز", "ict":"_", "scal":"_", "art":"_", "mu":"_" }, { "name":"إيهاب أحمد عمرو محمد عبد الفضيل", "gradeLevel":"primary 3", "id":31508122203176, "arabic":89.0, "math":76.0, "english":84.0, "social":"_", "scienc":"_", "total":249.0, "eng":82.0, "deen":66.0, "dis":76, "tok":"اجتاز", "pe":"اجتاز", "ict":"_", "scal":"_", "art":"_", "mu":"_" }, { "name":"إيهاب أشرف حسين محمود", "gradeLevel":"primary 3", "id":31411022200214, "arabic":97.0, "math":79.5, "english":87.0, "social":"_", "scienc":"_", "total":263.5, "eng":58.0, "deen":73.0, "dis":92, "tok":"اجتاز", "pe":"اجتاز", "ict":"_", "scal":"_", "art":"_", "mu":"_" }, { "name":"أحمد أبوزيد حسن أبوزيد", "gradeLevel":"primary 3", "id":31510122202891, "arabic":99.0, "math":100.0, "english":99.0, "social":"_", "scienc":"_", "total":298.0, "eng":92.0, "deen":100.0, "dis":96, "tok":"اجتاز", "pe":"اجتاز", "ict":"_", "scal":"_", "art":"_", "mu":"_" }, { "name":"أحمد حماده أحمد إسماعيل", "gradeLevel":"primary 3", "id":31508252202457, "arabic":98.0, "math":85.0, "english":96.0, "social":"_", "scienc":"_", "total":279.0, "eng":94.0, "deen":96.0, "dis":76, "tok":"اجتاز", "pe":"اجتاز", "ict":"_", "scal":"_", "art":"_", "mu":"_" }, { "name":"أحمد خالد أحمد مدحت محمود", "gradeLevel":"primary 3", "id":31609180101279, "arabic":95.0, "math":77.0, "english":85.0, "social":"_", "scienc":"_", "total":257.0, "eng":67.0, "deen":71.0, "dis":80, "tok":"اجتاز", "pe":"اجتاز", "ict":"_", "scal":"_", "art":"_", "mu":"_" }, { "name":"أحمد عبدالعليم سيد عبدالعظيم", "gradeLevel":"primary 3", "id":31507092102659, "arabic":91.0, "math":91.0, "english":95.0, "social":"_", "scienc":"_", "total":277.0, "eng":89.0, "deen":86.0, "dis":88, "tok":"اجتاز", "pe":"اجتاز", "ict":"_", "scal":"_", "art":"_", "mu":"_" }, { "name":"أحمد محمد إبراهيم عويس", "gradeLevel":"primary 3", "id":31602032202819, "arabic":98.0, "math":99.5, "english":95.0, "social":"_", "scienc":"_", "total":292.5, "eng":91.0, "deen":90.0, "dis":96, "tok":"اجتاز", "pe":"اجتاز", "ict":"_", "scal":"_", "art":"_", "mu":"_" }, { "name":"أحمد محمد سيد بكر", "gradeLevel":"primary 3", "id":31601312201374, "arabic":96.0, "math":95.0, "english":95.0, "social":"_", "scienc":"_", "total":286.0, "eng":94.0, "deen":84.0, "dis":88, "tok":"اجتاز", "pe":"اجتاز", "ict":"_", "scal":"_", "art":"_", "mu":"_" }, { "name":"أدهم أشرف بيومي حسن", "gradeLevel":"primary 3", "id":31604202200851, "arabic":100.0, "math":100.0, "english":98.0, "social":"_", "scienc":"_", "total":298.0, "eng":92.0, "deen":80.0, "dis":84, "tok":"اجتاز", "pe":"اجتاز", "ict":"_", "scal":"_", "art":"_", "mu":"_" }, { "name":"أدهم محمد محي الدين مصطفى", "gradeLevel":"primary 3", "id":31511242200236, "arabic":80.0, "math":56.0, "english":67.0, "social":"_", "scienc":"_", "total":203.0, "eng":57.0, "deen":74.0, "dis":76, "tok":"اجتاز", "pe":"اجتاز", "ict":"_", "scal":"_", "art":"_", "mu":"_" }, { "name":"أسر أحمد عبدالفتاح رجائي أحمد", "gradeLevel":"primary 3", "id":31603152201731, "arabic":95.0, "math":99.5, "english":91.5, "social":"_", "scienc":"_", "total":286.0, "eng":83.0, "deen":88.0, "dis":88, "tok":"اجتاز", "pe":"اجتاز", "ict":"_", "scal":"_", "art":"_", "mu":"_" }, { "name":"أسر علي صالح عبدالسلام", "gradeLevel":"primary 3", "id":31603202203099, "arabic":81.0, "math":60.0, "english":74.0, "social":"_", "scienc":"_", "total":215.0, "eng":61.0, "deen":62.0, "dis":64, "tok":"اجتاز", "pe":"اجتاز", "ict":"_", "scal":"_", "art":"_", "mu":"_" }, { "name":"أنس أحمد محمد أحمد", "gradeLevel":"primary 3", "id":31509202202651, "arabic":96.0, "math":99.0, "english":95.0, "social":"_", "scienc":"_", "total":290.0, "eng":90.0, "deen":94.0, "dis":92, "tok":"اجتاز", "pe":"اجتاز", "ict":"_", "scal":"_", "art":"_", "mu":"_" }, { "name":"أنس محمد أحمد محمد", "gradeLevel":"primary 3", "id":31508202202651, "arabic":96.0, "math":99.0, "english":95.0, "social":"_", "scienc":"_", "total":290.0, "eng":90.0, "deen":94.0, "dis":92, "tok":"اجتاز", "pe":"اجتاز", "ict":"_", "scal":"_", "art":"_", "mu":"_" }, { "name":"باسم محمد مصطفى محمد", "gradeLevel":"primary 3", "id":31508202202652, "arabic":96.0, "math":99.0, "english":95.0, "social":"_", "scienc":"_", "total":290.0, "eng":90.0, "deen":94.0, "dis":92, "tok":"اجتاز", "pe":"اجتاز", "ict":"_", "scal":"_", "art":"_", "mu":"_" }, { "name":"تامر محمد مصطفى محمد", "gradeLevel":"primary 3", "id":31508202202653, "arabic":96.0, "math":99.0, "english":95.0, "social":"_", "scienc":"_", "total":290.0, "eng":90.0, "deen":94.0, "dis":92, "tok":"اجتاز", "pe":"اجتاز", "ict":"_", "scal":"_", "art":"_", "mu":"_" }, { "name":"جابر محمد مصطفى محمد", "gradeLevel":"primary 3", "id":31508202202654, "arabic":96.0, "math":99.0, "english":95.0, "social":"_", "scienc":"_", "total":290.0, "eng":90.0, "deen":94.0, "dis":92, "tok":"اجتاز", "pe":"اجتاز", "ict":"_", "scal":"_", "art":"_", "mu":"_" }, { "name":"حازم محمد مصطفى محمد", "gradeLevel":"primary 3", "id":31508202202655, "arabic":96.0, "math":99.0, "english":95.0, "social":"_", "scienc":"_", "total":290.0, "eng":90.0, "deen":94.0, "dis":92, "tok":"اجتاز", "pe":"اجتاز", "ict":"_", "scal":"_", "art":"_", "mu":"_" }, { "name":"خالد محمد مصطفى محمد", "gradeLevel":"primary 3", "id":31508202202656, "arabic":96.0, "math":99.0, "english":95.0, "social":"_", "scienc":"_", "total":290.0, "eng":90.0, "deen":94.0, "dis":92, "tok":"اجتاز", "pe":"اجتاز", "ict":"_", "scal":"_", "art":"_", "mu":"_" }, { "name":"داود محمد مصطفى محمد", "gradeLevel":"primary 3", "id":31508202202657, "arabic":96.0, "math":99.0, "english":95.0, "social":"_", "scienc":"_", "total":290.0, "eng":90.0, "deen":94.0, "dis":92, "tok":"اجتاز", "pe":"اجتاز", "ict":"_", "scal":"_", "art":"_", "mu":"_" }, { "name":"رائد محمد مصطفى محمد", "gradeLevel":"primary 3", "id":31508202202658, "arabic":96.0, "math":99.0, "english":95.0, "social":"_", "scienc":"_", "total":290.0, "eng":90.0, "deen":94.0, "dis":92, "tok":"اجتاز", "pe":"اجتاز", "ict":"_", "scal":"_", "art":"_", "mu":"_" }, { "name":"سامي محمد مصطفى محمد", "gradeLevel":"primary 3", "id":31508202202659, "arabic":96.0, "math":99.0, "english":95.0, "social":"_", "scienc":"_", "total":290.0, "eng":90.0, "deen":94.0, "dis":92, "tok":"اجتاز", "pe":"اجتاز", "ict":"_", "scal":"_", "art":"_", "mu":"_" }, { "name":"شادي محمد مصطفى محمد", "gradeLevel":"primary 3", "id":31508202202660, "arabic":96.0, "math":99.0, "english":95.0, "social":"_", "scienc":"_", "total":290.0, "eng":90.0, "deen":94.0, "dis":92, "tok":"اجتاز", "pe":"اجتاز", "ict":"_", "scal":"_", "art":"_", "mu":"_" }, { "name":"طارق محمد مصطفى محمد", "gradeLevel":"primary 3", "id":31508202202661, "arabic":96.0, "math":99.0, "english":95.0, "social":"_", "scienc":"_", "total":290.0, "eng":90.0, "deen":94.0, "dis":92, "tok":"اجتاز", "pe":"اجتاز", "ict":"_", "scal":"_", "art":"_", "mu":"_" }, { "name":"عادل محمد مصطفى محمد", "gradeLevel":"primary 3", "id":31508202202662, "arabic":96.0, "math":99.0, "english":95.0, "social":"_", "scienc":"_", "total":290.0, "eng":90.0, "deen":94.0, "dis":92, "tok":"اجتاز", "pe":"اجتاز", "ict":"_", "scal":"_", "art":"_", "mu":"_" }, { "name":"فادي محمد مصطفى محمد", "gradeLevel":"primary 3", "id":31508202202663, "arabic":96.0, "math":99.0, "english":95.0, "social":"_", "scienc":"_", "total":290.0, "eng":90.0, "deen":94.0, "dis":92, "tok":"اجتاز", "pe":"اجتاز", "ict":"_", "scal":"_", "art":"_", "mu":"_" }, { "name":"قاسم محمد مصطفى محمد", "gradeLevel":"primary 3", "id":31508202202664, "arabic":96.0, "math":99.0, "english":95.0, "social":"_", "scienc":"_", "total":290.0, "eng":90.0, "deen":94.0, "dis":92, "tok":"اجتاز", "pe":"اجتاز", "ict":"_", "scal":"_", "art":"_", "mu":"_" }, { "name":"لؤي محمد مصطفى محمد", "gradeLevel":"primary 3", "id":31508202202665, "arabic":96.0, "math":99.0, "english":95.0, "social":"_", "scienc":"_", "total":290.0, "eng":90.0, "deen":94.0, "dis":92, "tok":"اجتاز", "pe":"اجتاز", "ict":"_", "scal":"_", "art":"_", "mu":"_" }, { "name":"ماجد محمد مصطفى محمد", "gradeLevel":"primary 3", "id":31508202202666, "arabic":96.0, "math":99.0, "english":95.0, "social":"_", "scienc":"_", "total":290.0, "eng":90.0, "deen":94.0, "dis":92, "tok":"اجتاز", "pe":"اجتاز", "ict":"_", "scal":"_", "art":"_", "mu":"_" }, { "name":"ناجي محمد مصطفى محمد", "gradeLevel":"primary 3", "id":31508202202667, "arabic":96.0, "math":99.0, "english":95.0, "social":"_", "scienc":"_", "total":290.0, "eng":90.0, "deen":94.0, "dis":92, "tok":"اجتاز", "pe":"اجتاز", "ict":"_", "scal":"_", "art":"_", "mu":"_" }, { "name":"هاني محمد مصطفى محمد", "gradeLevel":"primary 3", "id":31508202202668, "arabic":96.0, "math":99.0, "english":95.0, "social":"_", "scienc":"_", "total":290.0, "eng":90.0, "deen":94.0, "dis":92, "tok":"اجتاز", "pe":"اجتاز", "ict":"_", "scal":"_", "art":"_", "mu":"_" }, { "name":"وائل محمد مصطفى محمد", "gradeLevel":"primary 3", "id":31508202202669, "arabic":96.0, "math":99.0, "english":95.0, "social":"_", "scienc":"_", "total":290.0, "eng":90.0, "deen":94.0, "dis":92, "tok":"اجتاز", "pe":"اجتاز", "ict":"_", "scal":"_", "art":"_", "mu":"_" }, { "name":"ياسر محمد مصطفى محمد", "gradeLevel":"primary 3", "id":31508202202670, "arabic":96.0, "math":99.0, "english":95.0, "social":"_", "scienc":"_", "total":290.0, "eng":90.0, "deen":94.0, "dis":92, "tok":"اجتاز", "pe":"اجتاز", "ict":"_", "scal":"_", "art":"_", "mu":"_" }, { "name":"زينب محمد مصطفى محمد", "gradeLevel":"primary 3", "id":31508202202671, "arabic":96.0, "math":99.0, "english":95.0, "social":"_", "scienc":"_", "total":290.0, "eng":90.0, "deen":94.0, "dis":92, "tok":"اجتاز", "pe":"اجتاز", "ict":"_", "scal":"_", "art":"_", "mu":"_" }, { "name":"فاطمة محمد مصطفى محمد", "gradeLevel":"primary 3", "id":31508202202672, "arabic":96.0, "math":99.0, "english":95.0, "social":"_", "scienc":"_", "total":290.0, "eng":90.0, "deen":94.0, "dis":92, "tok":"اجتاز", "pe":"اجتاز", "ict":"_", "scal":"_", "art":"_", "mu":"_" }, { "name":"ليلى محمد مصطفى محمد", "gradeLevel":"primary 3", "id":31508202202673, "arabic":96.0, "math":99.0, "english":95.0, "social":"_", "scienc":"_", "total":290.0, "eng":90.0, "deen":94.0, "dis":92, "tok":"اجتاز", "pe":"اجتاز", "ict":"_", "scal":"_", "art":"_", "mu":"_" }, { "name":"مريم محمد مصطفى محمد", "gradeLevel":"primary 3", "id":31508202202674, "arabic":96.0, "math":99.0, "english":95.0, "social":"_", "scienc":"_", "total":290.0, "eng":90.0, "deen":94.0, "dis":92, "tok":"اجتاز", "pe":"اجتاز", "ict":"_", "scal":"_", "art":"_", "mu":"_" }, { "name":"نور محمد مصطفى محمد", "gradeLevel":"primary 3", "id":31508202202675, "arabic":96.0, "math":99.0, "english":95.0, "social":"_", "scienc":"_", "total":290.0, "eng":90.0, "deen":94.0, "dis":92, "tok":"اجتاز", "pe":"اجتاز", "ict":"_", "scal":"_", "art":"_", "mu":"_" }, { "name":"هدى محمد مصطفى محمد", "gradeLevel":"primary 3", "id":31508202202676, "arabic":96.0, "math":99.0, "english":95.0, "social":"_", "scienc":"_", "total":290.0, "eng":90.0, "deen":94.0, "dis":92, "tok":"اجتاز", "pe":"اجتاز", "ict":"_", "scal":"_", "art":"_", "mu":"_" }, { "name":"وفاء محمد مصطفى محمد", "gradeLevel":"primary 3", "id":31508202202677, "arabic":96.0, "math":99.0, "english":95.0, "social":"_", "scienc":"_", "total":290.0, "eng":90.0, "deen":94.0, "dis":92, "tok":"اجتاز", "pe":"اجتاز", "ict":"_", "scal":"_", "art":"_", "mu":"_" }, { "name":"ياسمين محمد مصطفى محمد", "gradeLevel":"primary 3", "id":31508202202678, "arabic":96.0, "math":99.0, "english":95.0, "social":"_", "scienc":"_", "total":290.0, "eng":90.0, "deen":94.0, "dis":92, "tok":"اجتاز", "pe":"اجتاز", "ict":"_", "scal":"_", "art":"_", "mu":"_" }, { "name":"زينة محمد مصطفى محمد", "gradeLevel":"primary 3", "id":31508202202679, "arabic":96.0, "math":99.0, "english":95.0, "social":"_", "scienc":"_", "total":290.0, "eng":90.0, "deen":94.0, "dis":92, "tok":"اجتاز", "pe":"اجتاز", "ict":"_", "scal":"_", "art":"_", "mu":"_" }, { "name":"سارة محمد مصطفى محمد", "gradeLevel":"primary 3", "id":31508202202680, "arabic":96.0, "math":99.0, "english":95.0, "social":"_", "scienc":"_", "total":290.0, "eng":90.0, "deen":94.0, "dis":92, "tok":"اجتاز", "pe":"اجتاز", "ict":"_", "scal":"_", "art":"_", "mu":"_" }, { "name":"شروق محمد مصطفى محمد", "gradeLevel":"primary 3", "id":31508202202681, "arabic":96.0, "math":99.0, "english":95.0, "social":"_", "scienc":"_", "total":290.0, "eng":90.0, "deen":94.0, "dis":92, "tok":"اجتاز", "pe":"اجتاز", "ict":"_", "scal":"_", "art":"_", "mu":"_" }, { "name":"عائشة محمد مصطفى محمد", "gradeLevel":"primary 3", "id":31508202202682, "arabic":96.0, "math":99.0, "english":95.0, "social":"_", "scienc":"_", "total":290.0, "eng":90.0, "deen":94.0, "dis":92, "tok":"اجتاز", "pe":"اجتاز", "ict":"_", "scal":"_", "art":"_", "mu":"_" }, { "name":"فرح محمد مصطفى محمد", "gradeLevel":"primary 3", "id":31508202202683, "arabic":96.0, "math":99.0, "english":95.0, "social":"_", "scienc":"_", "total":290.0, "eng":90.0, "deen":94.0, "dis":92, "tok":"اجتاز", "pe":"اجتاز", "ict":"_", "scal":"_", "art":"_", "mu":"_" }, { "name":"كوثر محمد مصطفى محمد", "gradeLevel":"primary 3", "id":31508202202684, "arabic":96.0, "math":99.0, "english":95.0, "social":"_", "scienc":"_", "total":290.0, "eng":90.0, "deen":94.0, "dis":92, "tok":"اجتاز", "pe":"اجتاز", "ict":"_", "scal":"_", "art":"_", "mu":"_" }, { "name":"لمى محمد مصطفى محمد", "gradeLevel":"primary 3", "id":31508202202685, "arabic":96.0, "math":99.0, "english":95.0, "social":"_", "scienc":"_", "total":290.0, "eng":90.0, "deen":94.0, "dis":92, "tok":"اجتاز", "pe":"اجتاز", "ict":"_", "scal":"_", "art":"_", "mu":"_" }, { "name":"منة محمد مصطفى محمد", "gradeLevel":"primary 3", "id":31508202202686, "arabic":96.0, "math":99.0, "english":95.0, "social":"_", "scienc":"_", "total":290.0, "eng":90.0, "deen":94.0, "dis":92, "tok":"اجتاز", "pe":"اجتاز", "ict":"_", "scal":"_", "art":"_", "mu":"_" }, { "name":"نورهان محمد مصطفى محمد", "gradeLevel":"primary 3", "id":31508202202687, "arabic":96.0, "math":99.0, "english":95.0, "social":"_", "scienc":"_", "total":290.0, "eng":90.0, "deen":94.0, "dis":92, "tok":"اجتاز", "pe":"اجتاز", "ict":"_", "scal":"_", "art":"_", "mu":"_" }, { "name":"هبة محمد مصطفى محمد", "gradeLevel":"primary 3", "id":31508202202688, "arabic":96.0, "math":99.0, "english":95.0, "social":"_", "scienc":"_", "total":290.0, "eng":90.0, "deen":94.0, "dis":92, "tok":"اجتاز", "pe":"اجتاز", "ict":"_", "scal":"_", "art":"_", "mu":"_" }, { "name":"ولاء محمد مصطفى محمد", "gradeLevel":"primary 3", "id":31508202202689, "arabic":96.0, "math":99.0, "english":95.0, "social":"_", "scienc":"_", "total":290.0, "eng":90.0, "deen":94.0, "dis":92, "tok":"اجتاز", "pe":"اجتاز", "ict":"_", "scal":"_", "art":"_", "mu":"_" }, { "name":"يارا محمد مصطفى محمد", "gradeLevel":"primary 3", "id":31508202202690, "arabic":96.0, "math":99.0, "english":95.0, "social":"_", "scienc":"_", "total":290.0, "eng":90.0, "deen":94.0, "dis":92, "tok":"اجتاز", "pe":"اجتاز", "ict":"_", "scal":"_", "art":"_", "mu":"_" }, { "name":"زهرة محمد مصطفى محمد", "gradeLevel":"primary 3", "id":31508202202691, "arabic":96.0, "math":99.0, "english":95.0, "social":"_", "scienc":"_", "total":290.0, "eng":90.0, "deen":94.0, "dis":92, "tok":"اجتاز", "pe":"اجتاز", "ict":"_", "scal":"_", "art":"_", "mu":"_" }, { "name":"سعاد محمد مصطفى محمد", "gradeLevel":"primary 3", "id":31508202202692, "arabic":96.0, "math":99.0, "english":95.0, "social":"_", "scienc":"_", "total":290.0, "eng":90.0, "deen":94.0, "dis":92, "tok":"اجتاز", "pe":"اجتاز", "ict":"_", "scal":"_", "art":"_", "mu":"_" }, { "name":"شمس محمد مصطفى محمد", "gradeLevel":"primary 3", "id":31508202202693, "arabic":96.0, "math":99.0, "english":95.0, "social":"_", "scienc":"_", "total":290.0, "eng":90.0, "deen":94.0, "dis":92, "tok":"اجتاز", "pe":"اجتاز", "ict":"_", "scal":"_", "art":"_", "mu":"_" }, { "name":"عفاف محمد مصطفى محمد", "gradeLevel":"primary 3", "id":31508202202694, "arabic":96.0, "math":99.0, "english":95.0, "social":"_", "scienc":"_", "total":290.0, "eng":90.0, "deen":94.0, "dis":92, "tok":"اجتاز", "pe":"اجتاز", "ict":"_", "scal":"_", "art":"_", "mu":"_" }, { "name":"فدوى محمد مصطفى محمد", "gradeLevel":"primary 3", "id":31508202202695, "arabic":96.0, "math":99.0, "english":95.0, "social":"_", "scienc":"_", "total":290.0, "eng":90.0, "deen":94.0, "dis":92, "tok":"اجتاز", "pe":"اجتاز", "ict":"_", "scal":"_", "art":"_", "mu":"_" }, { "name":"كرم محمد مصطفى محمد", "gradeLevel":"primary 3", "id":31508202202696, "arabic":96.0, "math":99.0, "english":95.0, "social":"_", "scienc":"_", "total":290.0, "eng":90.0, "deen":94.0, "dis":92, "tok":"اجتاز", "pe":"اجتاز", "ict":"_", "scal":"_", "art":"_", "mu":"_" }, { "name":"لينا محمد مصطفى محمد", "gradeLevel":"primary 3", "id":31508202202697, "arabic":96.0, "math":99.0, "english":95.0, "social":"_", "scienc":"_", "total":290.0, "eng":90.0, "deen":94.0, "dis":92, "tok":"اجتاز", "pe":"اجتاز", "ict":"_", "scal":"_", "art":"_", "mu":"_" }, { "name":"مها محمد مصطفى محمد", "gradeLevel":"primary 3", "id":31508202202698, "arabic":96.0, "math":99.0, "english":95.0, "social":"_", "scienc":"_", "total":290.0, "eng":90.0, "deen":94.0, "dis":92, "tok":"اجتاز", "pe":"اجتاز", "ict":"_", "scal":"_", "art":"_", "mu":"_" }, { "name":"نجوى محمد مصطفى محمد", "gradeLevel":"primary 3", "id":31508202202699, "arabic":96.0, "math":99.0, "english":95.0, "social":"_", "scienc":"_", "total":290.0, "eng":90.0, "deen":94.0, "dis":92, "tok":"اجتاز", "pe":"اجتاز", "ict":"_", "scal":"_", "art":"_", "mu":"_" }, { "name":"هناء محمد مصطفى محمد", "gradeLevel":"primary 3", "id":31508202202700, "arabic":96.0, "math":99.0, "english":95.0, "social":"_", "scienc":"_", "total":290.0, "eng":90.0, "deen":94.0, "dis":92, "tok":"اجتاز", "pe":"اجتاز", "ict":"_", "scal":"_", "art":"_", "mu":"_" }, { "name":"وردة محمد مصطفى محمد", "gradeLevel":"primary 3", "id":31508202202701, "arabic":96.0, "math":99.0, "english":95.0, "social":"_", "scienc":"_", "total":290.0, "eng":90.0, "deen":94.0, "dis":92, "tok":"اجتاز", "pe":"اجتاز", "ict":"_", "scal":"_", "art":"_", "mu":"_" }, { "name":"يمنى محمد مصطفى محمد", "gradeLevel":"primary 3", "id":31508202202702, "arabic":96.0, "math":99.0, "english":95.0, "social":"_", "scienc":"_", "total":290.0, "eng":90.0, "deen":94.0, "dis":92, "tok":"اجتاز", "pe":"اجتاز", "ict":"_", "scal":"_", "art":"_", "mu":"_" }, { "name":"زياد محمد مصطفى محمد", "gradeLevel":"primary 3", "id":31508202202703, "arabic":96.0, "math":99.0, "english":95.0, "social":"_", "scienc":"_", "total":290.0, "eng":90.0, "deen":94.0, "dis":92, "tok":"اجتاز", "pe":"اجتاز", "ict":"_", "scal":"_", "art":"_", "mu":"_" }, { "name":"سليم محمد مصطفى محمد", "gradeLevel":"primary 3", "id":31508202202704, "arabic":96.0, "math":99.0, "english":95.0, "social":"_", "scienc":"_", "total":290.0, "eng":90.0, "deen":94.0, "dis":92, "tok":"اجتاز", "pe":"اجتاز", "ict":"_", "scal":"_", "art":"_", "mu":"_" }, { "name":"شريف محمد مصطفى محمد", "gradeLevel":"primary 3", "id":31508202202705, "arabic":96.0, "math":99.0, "english":95.0, "social":"_", "scienc":"_", "total":290.0, "eng":90.0, "deen":94.0, "dis":92, "tok":"اجتاز", "pe":"اجتاز", "ict":"_", "scal":"_", "art":"_", "mu":"_" }, { "name":"عصام محمد مصطفى محمد", "gradeLevel":"primary 3", "id":31508202202706, "arabic":96.0, "math":99.0, "english":95.0, "social":"_", "scienc":"_", "total":290.0, "eng":90.0, "deen":94.0, "dis":92, "tok":"اجتاز", "pe":"اجتاز", "ict":"_", "scal":"_", "art":"_", "mu":"_" }, { "name":"فؤاد محمد مصطفى محمد", "gradeLevel":"primary 3", "id":31508202202707, "arabic":96.0, "math":99.0, "english":95.0, "social":"_", "scienc":"_", "total":290.0, "eng":90.0, "deen":94.0, "dis":92, "tok":"اجتاز", "pe":"اجتاز", "ict":"_", "scal":"_", "art":"_", "mu":"_" }, { "name":"كريم محمد مصطفى محمد", "gradeLevel":"primary 3", "id":31508202202708, "arabic":96.0, "math":99.0, "english":95.0, "social":"_", "scienc":"_", "total":290.0, "eng":90.0, "deen":94.0, "dis":92, "tok":"اجتاز", "pe":"اجتاز", "ict":"_", "scal":"_", "art":"_", "mu":"_" }, { "name":"مازن محمد مصطفى محمد", "gradeLevel":"primary 3", "id":31508202202709, "arabic":96.0, "math":99.0, "english":95.0, "social":"_", "scienc":"_", "total":290.0, "eng":90.0, "deen":94.0, "dis":92, "tok":"اجتاز", "pe":"اجتاز", "ict":"_", "scal":"_", "art":"_", "mu":"_" }, { "name":"نبيل محمد مصطفى محمد", "gradeLevel":"primary 3", "id":31508202202710, "arabic":96.0, "math":99.0, "english":95.0, "social":"_", "scienc":"_", "total":290.0, "eng":90.0, "deen":94.0, "dis":92, "tok":"اجتاز", "pe":"اجتاز", "ict":"_", "scal":"_", "art":"_", "mu":"_" }, { "name":"هاني محمد مصطفى محمد", "gradeLevel":"primary 3", "id":31508202202711, "arabic":96.0, "math":99.0, "english":95.0, "social":"_", "scienc":"_", "total":290.0, "eng":90.0, "deen":94.0, "dis":92, "tok":"اجتاز", "pe":"اجتاز", "ict":"_", "scal":"_", "art":"_", "mu":"_" }, { "name":"وائل محمد مصطفى محمد", "gradeLevel":"primary 3", "id":31508202202712, "arabic":96.0, "math":99.0, "english":95.0, "social":"_", "scienc":"_", "total":290.0, "eng":90.0, "deen":94.0, "dis":92, "tok":"اجتاز", "pe":"اجتاز", "ict":"_", "scal":"_", "art":"_", "mu":"_" }, { "name":"يوسف محمد مصطفى محمد", "gradeLevel":"primary 3", "id":31508202202713, "arabic":96.0, "math":99.0, "english":95.0, "social":"_", "scienc":"_", "total":290.0, "eng":90.0, "deen":94.0, "dis":92, "tok":"اجتاز", "pe":"اجتاز", "ict":"_", "scal":"_", "art":"_", "mu":"_" }, { "name":"زينب محمد مصطفى محمد", "gradeLevel":"primary 3", "id":31508202202714, "arabic":96.0, "math":99.0, "english":95.0, "social":"_", "scienc":"_", "total":290.0, "eng":90.0, "deen":94.0, "dis":92, "tok":"اجتاز", "pe":"اجتاز", "ict":"_", "scal":"_", "art":"_", "mu":"_" }, { "name":"سارة محمد مصطفى محمد", "gradeLevel":"primary 3", "id":31508202202715, "arabic":96.0, "math":99.0, "english":95.0, "social":"_", "scienc":"_", "total":290.0, "eng":90.0, "deen":94.0, "dis":92, "tok":"اجتاز", "pe":"اجتاز", "ict":"_", "scal":"_", "art":"_", "mu":"_" }, { "name":"شروق محمد مصطفى محمد", "gradeLevel":"primary 3", "id":31508202202716, "arabic":96.0, "math":99.0, "english":95.0, "social":"_", "scienc":"_", "total":290.0, "eng":90.0, "deen":94.0, "dis":92, "tok":"اجتاز", "pe":"اجتاز", "ict":"_", "scal":"_", "art":"_", "mu":"_" }, { "name":"عائشة محمد مصطفى محمد", "gradeLevel":"primary 3", "id":31508202202717, "arabic":96.0, "math":99.0, "english":95.0, "social":"_", "scienc":"_", "total":290.0, "eng":90.0, "deen":94.0, "dis":92, "tok":"اجتاز", "pe":"اجتاز", "ict":"_", "scal":"_", "art":"_", "mu":"_" }, { "name":"فرح محمد مصطفى محمد", "gradeLevel":"primary 3", "id":31508202202718, "arabic":96.0, "math":99.0, "english":95.0, "social":"_", "scienc":"_", "total":290.0, "eng":90.0, "deen":94.0, "dis":92, "tok":"اجتاز", "pe":"اجتاز", "ict":"_", "scal":"_", "art":"_", "mu":"_" }, { "name":"كوثر محمد مصطفى محمد", "gradeLevel":"primary 3", "id":31508202202719, "arabic":96.0, "math":99.0, "english":95.0, "social":"_", "scienc":"_", "total":290.0, "eng":90.0, "deen":94.0, "dis":92, "tok":"اجتاز", "pe":"اجتاز", "ict":"_", "scal":"_", "art":"_", "mu":"_" }, { "name":"لمى محمد مصطفى محمد", "gradeLevel":"primary 3", "id":31508202202720, "arabic":96.0, "math":99.0, "english":95.0, "social":"_", "scienc":"_", "total":290.0, "eng":90.0, "deen":94.0, "dis":92, "tok":"اجتاز", "pe":"اجتاز", "ict":"_", "scal":"_", "art":"_", "mu":"_" }, { "name":"منة محمد مصطفى محمد", "gradeLevel":"primary 3", "id":31508202202721, "arabic":96.0, "math":99.0, "english":95.0, "social":"_", "scienc":"_", "total":290.0, "eng":90.0, "deen":94.0, "dis":92, "tok":"اجتاز", "pe":"اجتاز", "ict":"_", "scal":"_", "art":"_", "mu":"_" }, { "name":"نورهان محمد مصطفى محمد", "gradeLevel":"primary 3", "id":31508202202722, "arabic":96.0, "math":99.0, "english":95.0, "social":"_", "scienc":"_", "total":290.0, "eng":90.0, "deen":94.0, "dis":92, "tok":"اجتاز", "pe":"اجتاز", "ict":"_", "scal":"_", "art":"_", "mu":"_" }, { "name":"هبة محمد مصطفى محمد", "gradeLevel":"primary 3", "id":31508202202723, "arabic":96.0, "math":99.0, "english":95.0, "social":"_", "scienc":"_", "total":290.0, "eng":90.0, "deen":94.0, "dis":92, "tok":"اجتاز", "pe":"اجتاز", "ict":"_", "scal":"_", "art":"_", "mu":"_" }, { "name":"ولاء محمد مصطفى محمد", "gradeLevel":"primary 3", "id":31508202202724, "arabic":96.0, "math":99.0, "english":95.0, "social":"_", "scienc":"_", "total":290.0, "eng":90.0, "deen":94.0, "dis":92, "tok":"اجتاز", "pe":"اجتاز", "ict":"_", "scal":"_", "art":"_", "mu":"_" }, { "name":"يارا محمد مصطفى محمد", "gradeLevel":"primary 3", "id":31508202202725, "arabic":96.0, "math":99.0, "english":95.0, "social":"_", "scienc":"_", "total":290.0, "eng":90.0, "deen":94.0, "dis":92, "tok":"اجتاز", "pe":"اجتاز", "ict":"_", "scal":"_", "art":"_", "mu":"_" }, { "name":"زهرة محمد مصطفى محمد", "gradeLevel":"primary 3", "id":31508202202726, "arabic":96.0, "math":99.0, "english":95.0, "social":"_", "scienc":"_", "total":290.0, "eng":90.0, "deen":94.0, "dis":92, "tok":"اجتاز", "pe":"اجتاز", "ict":"_", "scal":"_", "art":"_", "mu":"_" }, { "name":"سعاد محمد مصطفى محمد", "gradeLevel":"primary 3", "id":31508202202727, "arabic":96.0, "math":99.0, "english":95.0, "social":"_", "scienc":"_", "total":290.0, "eng":90.0, "deen":94.0, "dis":92, "tok":"اجتاز", "pe":"اجتاز", "ict":"_", "scal":"_", "art":"_", "mu":"_" }, { "name":"شمس محمد مصطفى محمد", "gradeLevel":"primary 3", "id":31508202202728, "arabic":96.0, "math":99.0, "english":95.0, "social":"_", "scienc":"_", "total":290.0, "eng":90.0, "deen":94.0, "dis":92, "tok":"اجتاز", "pe":"اجتاز", "ict":"_", "scal":"_", "art":"_", "mu":"_" }, { "name":"عفاف محمد مصطفى محمد", "gradeLevel":"primary 3", "id":31508202202729, "arabic":96.0, "math":99.0, "english":95.0, "social":"_", "scienc":"_", "total":290.0, "eng":90.0, "deen":94.0, "dis":92, "tok":"اجتاز", "pe":"اجتاز", "ict":"_", "scal":"_", "art":"_", "mu":"_" }, { "name":"فدوى محمد مصطفى محمد", "gradeLevel":"primary 3", "id":31508202202730, "arabic":96.0, "math":99.0, "english":95.0, "social":"_", "scienc":"_", "total":290.0, "eng":90.0, "deen":94.0, "dis":92, "tok":"اجتاز", "pe":"اجتاز", "ict":"_", "scal":"_", "art":"_", "mu":"_" }, { "name":"كرم محمد مصطفى محمد", "gradeLevel":"primary 3", "id":31508202202731, "arabic":96.0, "math":99.0, "english":95.0, "social":"_", "scienc":"_", "total":290.0, "eng":90.0, "deen":94.0, "dis":92, "tok":"اجتاز", "pe":"اجتاز", "ict":"_", "scal":"_", "art":"_", "mu":"_" }, { "name":"لينا محمد مصطفى محمد", "gradeLevel":"primary 3", "id":31508202202732, "arabic":96.0, "math":99.0, "english":95.0, "social":"_", "scienc":"_", "total":290.0, "eng":90.0, "deen":94.0, "dis":92, "tok":"اجتاز", "pe":"اجتاز", "ict":"_", "scal":"_", "art":"_", "mu":"_" }, { "name":"مها محمد مصطفى محمد", "gradeLevel":"primary 3", "id":31508202202733, "arabic":96.0, "math":99.0, "english":95.0, "social":"_", "scienc":"_", "total":290.0, "eng":90.0, "deen":94.0, "dis":92, "tok":"اجتاز", "pe":"اجتاز", "ict":"_", "scal":"_", "art":"_", "mu":"_" }, { "name":"نجوى محمد مصطفى محمد", "gradeLevel":"primary 3", "id":31508202202734, "arabic":96.0, "math":99.0, "english":95.0, "social":"_", "scienc":"_", "total":290.0, "eng":90.0, "deen":94.0, "dis":92, "tok":"اجتاز", "pe":"اجتاز", "ict":"_", "scal":"_", "art":"_", "mu":"_" }, { "name":"هناء محمد مصطفى محمد", "gradeLevel":"primary 3", "id":31508202202735, "arabic":96.0, "math":99.0, "english":95.0, "social":"_", "scienc":"_", "total":290.0, "eng":90.0, "deen":94.0, "dis":92, "tok":"اجتاز", "pe":"اجتاز", "ict":"_", "scal":"_", "art":"_", "mu":"_" }, { "name":"وردة محمد مصطفى محمد", "gradeLevel":"primary 3", "id":31508202202736, "arabic":96.0, "math":99.0, "english":95.0, "social":"_", "scienc":"_", "total":290.0, "eng":90.0, "deen":94.0, "dis":92, "tok":"اجتاز", "pe":"اجتاز", "ict":"_", "scal":"_", "art":"_", "mu":"_" }, { "name":"يمنى محمد مصطفى محمد", "gradeLevel":"primary 3", "id":31508202202737, "arabic":96.0, "math":99.0, "english":95.0, "social":"_", "scienc":"_", "total":290.0, "eng":90.0, "deen":94.0, "dis":92, "tok":"اجتاز", "pe":"اجتاز", "ict":"_", "scal":"_", "art":"_", "mu":"_" }, { "name":"زياد محمد مصطفى محمد", "gradeLevel":"primary 3", "id":31508202202738, "arabic":96.0, "math":99.0, "english":95.0, "social":"_", "scienc":"_", "total":290.0, "eng":90.0, "deen":94.0, "dis":92, "tok":"اجتاز", "pe":"اجتاز", "ict":"_", "scal":"_", "art":"_", "mu":"_" }, { "name":"سليم محمد مصطفى محمد", "gradeLevel":"primary 3", "id":31508202202739, "arabic":96.0, "math":99.0, "english":95.0, "social":"_", "scienc":"_", "total":290.0, "eng":90.0, "deen":94.0, "dis":92, "tok":"اجتاز", "pe":"اجتاز", "ict":"_", "scal":"_", "art":"_", "mu":"_" }, { "name":"شريف محمد مصطفى محمد", "gradeLevel":"primary 3", "id":31508202202740, "arabic":96.0, "math":99.0, "english":95.0, "social":"_", "scienc":"_", "total":290.0, "eng":90.0, "deen":94.0, "dis":92, "tok":"اجتاز", "pe":"اجتاز", "ict":"_", "scal":"_", "art":"_", "mu":"_" }, { "name":"عصام محمد مصطفى محمد", "gradeLevel":"primary 3", "id":31508202202741, "arabic":96.0, "math":99.0, "english":95.0, "social":"_", "scienc":"_", "total":290.0, "eng":90.0, "deen":94.0, "dis":92, "tok":"اجتاز", "pe":"اجتاز", "ict":"_", "scal":"_", "art":"_", "mu":"_" }, { "name":"فؤاد محمد مصطفى محمد", "gradeLevel":"primary 3", "id":31508202202742, "arabic":96.0, "math":99.0, "english":95.0, "social":"_", "scienc":"_", "total":290.0, "eng":90.0, "deen":94.0, "dis":92, "tok":"اجتاز", "pe":"اجتاز", "ict":"_", "scal":"_", "art":"_", "mu":"_" }, { "name":"كريم محمد مصطفى محمد", "gradeLevel":"primary 3", "id":31508202202743, "arabic":96.0, "math":99.0, "english":95.0, "social":"_", "scienc":"_", "total":290.0, "eng":90.0, "deen":94.0, "dis":92, "tok":"اجتاز", "pe":"اجتاز", "ict":"_", "scal":"_", "art":"_", "mu":"_" }, { "name":"مازن محمد مصطفى محمد", "gradeLevel":"primary 3", "id":31508202202744, "arabic":96.0, "math":99.0, "english":95.0, "social":"_", "scienc":"_", "total":290.0, "eng":90.0, "deen":94.0, "dis":92, "tok":"اجتاز", "pe":"اجتاز", "ict":"_", "scal":"_", "art":"_", "mu":"_" }, { "name":"نبيل محمد مصطفى محمد", "gradeLevel":"primary 3", "id":31508202202745, "arabic":96.0, "math":99.0, "english":95.0, "social":"_", "scienc":"_", "total":290.0, "eng":90.0, "deen":94.0, "dis":92, "tok":"اجتاز", "pe":"اجتاز", "ict":"_", "scal":"_", "art":"_", "mu":"_" }, { "name":"هاني محمد مصطفى محمد", "gradeLevel":"primary 3", "id":31508202202746, "arabic":96.0, "math":99.0, "english":95.0, "social":"_", "scienc":"_", "total":290.0, "eng":90.0, "deen":94.0, "dis":92, "tok":"اجتاز", "pe":"اجتاز", "ict":"_", "scal":"_", "art":"_", "mu":"_" }, { "name":"وائل محمد مصطفى محمد", "gradeLevel":"primary 3", "id":31508202202747, "arabic":96.0, "math":99.0, "english":95.0, "social":"_", "scienc":"_", "total":290.0, "eng":90.0, "deen":94.0, "dis":92, "tok":"اجتاز", "pe":"اجتاز", "ict":"_", "scal":"_", "art":"_", "mu":"_" }, { "name":"يوسف محمد مصطفى محمد", "gradeLevel":"primary 3", "id":31508202202748, "arabic":96.0, "math":99.0, "english":95.0, "social":"_", "scienc":"_", "total":290.0, "eng":90.0, "deen":94.0, "dis":92, "tok":"اجتاز", "pe":"اجتاز", "ict":"_", "scal":"_", "art":"_", "mu":"_" }, { "name":"زينب محمد مصطفى محمد", "gradeLevel":"primary 3", "id":31508202202749, "arabic":96.0, "math":99.0, "english":95.0, "social":"_", "scienc":"_", "total":290.0, "eng":90.0, "deen":94.0, "dis":92, "tok":"اجتاز", "pe":"اجتاز", "ict":"_", "scal":"_", "art":"_", "mu":"_" }, { "name":"سارة محمد مصطفى محمد", "gradeLevel":"primary 3", "id":31508202202750, "arabic":96.0, "math":99.0, "english":95.0, "social":"_", "scienc":"_", "total":290.0, "eng":90.0, "deen":94.0, "dis":92, "tok":"اجتاز", "pe":"اجتاز", "ict":"_", "scal":"_", "art":"_", "mu":"_" }, { "name":"شروق محمد مصطفى محمد", "gradeLevel":"primary 3", "id":31508202202751, "arabic":96.0, "math":99.0, "english":95.0, "social":"_", "scienc":"_", "total":290.0, "eng":90.0, "deen":94.0, "dis":92, "tok":"اجتاز", "pe":"اجتاز", "ict":"_", "scal":"_", "art":"_", "mu":"_" }, { "name":"عائشة محمد مصطفى محمد", "gradeLevel":"primary 3", "id":31508202202752, "arabic":96.0, "math":99.0, "english":95.0, "social":"_", "scienc":"_", "total":290.0, "eng":90.0, "deen":94.0, "dis":92, "tok":"اجتاز", "pe":"اجتاز", "ict":"_", "scal":"_", "art":"_", "mu":"_" }, { "name":"فرح محمد مصطفى محمد", "gradeLevel":"primary 3", "id":31508202202753, "arabic":96.0, "math":99.0, "english":95.0, "social":"_", "scienc":"_", "total":290.0, "eng":90.0, "deen":94.0, "dis":92, "tok":"اجتاز", "pe":"اجتاز", "ict":"_", "scal":"_", "art":"_", "mu":"_" }, { "name":"كوثر محمد مصطفى محمد", "gradeLevel":"primary 3", "id":31508202202754, "arabic":96.0, "math":99.0, "english":95.0, "social":"_", "scienc":"_", "total":290.0, "eng":90.0, "deen":94.0, "dis":92, "tok":"اجتاز", "pe":"اجتاز", "ict":"_", "scal":"_", "art":"_", "mu":"_" }, { "name":"لمى محمد مصطفى محمد", "gradeLevel":"primary 3", "id":31508202202755, "arabic":96.0, "math":99.0, "english":95.0, "social":"_", "scienc":"_", "total":290.0, "eng":90.0, "deen":94.0, "dis":92, "tok":"اجتاز", "pe":"اجتاز", "ict":"_", "scal":"_", "art":"_", "mu":"_" }, { "name":"منة محمد مصطفى محمد", "gradeLevel":"primary 3", "id":31508202202756, "arabic":96.0, "math":99.0, "english":95.0, "social":"_", "scienc":"_", "total":290.0, "eng":90.0, "deen":94.0, "dis":92, "tok":"اجتاز", "pe":"اجتاز", "ict":"_", "scal":"_", "art":"_", "mu":"_" }, { "name":"نورهان محمد مصطفى محمد", "gradeLevel":"primary 3", "id":31508202202757, "arabic":96.0, "math":99.0, "english":95.0, "social":"_", "scienc":"_", "total":290.0, "eng":90.0, "deen":94.0, "dis":92, "tok":"اجتاز", "pe":"اجتاز", "ict":"_", "scal":"_", "art":"_", "mu":"_" }, { "name":"هبة محمد مصطفى محمد", "gradeLevel":"primary 3", "id":31508202202758, "arabic":96.0, "math":99.0, "english":95.0, "social":"_", "scienc":"_", "total":290.0, "eng":90.0, "deen":94.0, "dis":92, "tok":"اجتاز", "pe":"اجتاز", "ict":"_", "scal":"_", "art":"_", "mu":"_" }, { "name":"ولاء محمد مصطفى محمد", "gradeLevel":"primary 3", "id":31508202202759, "arabic":96.0, "math":99.0, "english":95.0, "social":"_", "scienc":"_", "total":290.0, "eng":90.0, "deen":94.0, "dis":92, "tok":"اجتاز", "pe":"اجتاز", "ict":"_", "scal":"_", "art":"_", "mu":"_" }, { "name":"يارا محمد مصطفى محمد", "gradeLevel":"primary 3", "id":31508202202760, "arabic":96.0, "math":99.0, "english":95.0, "social":"_", "scienc":"_", "total":290.0, "eng":90.0, "deen":94.0, "dis":92, "tok":"اجتاز", "pe":"اجتاز", "ict":"_", "scal":"_", "art":"_", "mu":"_" } ]

